{
  "timestamp": "2025-08-19T03:59:36.710Z",
  "overview": {
    "pagesTestedCount": 3,
    "devicesTestedCount": 4,
    "totalTests": 12
  },
  "averageMetrics": {
    "loadTime": 2429.336551860855,
    "firstContentfulPaint": 1437.3535347480167,
    "largestContentfulPaint": 2468.950526825047,
    "cumulativeLayoutShift": 0.03737039709022067
  },
  "alerts": [],
  "recommendations": []
}
